id,first_name,last_name,email,gender,ip_address
1,Kristy,MacIlriach,kmacilriach0@lulu.com,Female,74.183.126.222
2,Curran,Bresnahan,cbresnahan1@skype.com,Male,144.56.175.134
3,See,Acedo,sacedo2@toplist.cz,Male,242.43.143.244
4,Carmine,Ashall,cashall3@bing.com,Male,2.185.226.230
5,Loydie,Hellen,lhellen4@purevolume.com,Male,81.122.25.28
6,Zorana,Jecks,zjecks5@msn.com,Female,129.138.195.72
7,Elle,Schuler,eschuler6@angelfire.com,Female,64.232.15.64
8,Amerigo,Fitt,afitt7@soundcloud.com,Genderfluid,75.95.75.0
9,Pandora,Server,pserver8@unblog.fr,Female,110.6.31.224
10,Phaidra,Murney,pmurney9@miitbeian.gov.cn,Female,171.231.29.37
11,Armin,Hollyman,ahollymana@google.ca,Male,80.86.19.191
12,Kevin,Branchflower,kbranchflowerb@newsvine.com,Polygender,149.141.75.216
13,Elwin,Weakley,eweakleyc@upenn.edu,Male,140.82.44.36
14,Hyman,Blinckhorne,hblinckhorned@webnode.com,Male,243.248.154.1
15,Rafael,Klimschak,rklimschake@netscape.com,Male,218.60.168.30
16,Brooke,Perutto,bperuttof@oakley.com,Female,82.143.101.98
17,Olenolin,Fothergill,ofothergillg@soup.io,Non-binary,228.168.170.76
18,Andee,Shinn,ashinnh@wunderground.com,Female,55.225.104.36
19,Galvin,Alekseev,galekseevi@phoca.cz,Male,143.104.229.36
20,Nelly,Ormerod,normerodj@tinyurl.com,Female,0.86.187.99
21,Jeff,Fulks,jfulksk@telegraph.co.uk,Male,164.137.81.162
22,Nissa,Parish,nparishl@ameblo.jp,Female,82.122.220.160
23,Katee,Leven,klevenm@qq.com,Female,2.223.214.93
24,Ebenezer,Tryme,etrymen@blogtalkradio.com,Male,236.110.96.66
25,Nikolas,Karpfen,nkarpfeno@cdbaby.com,Male,177.189.62.122
26,Theresina,Garza,tgarzap@behance.net,Female,204.67.57.182
27,Jade,Jedrychowski,jjedrychowskiq@soup.io,Female,86.124.33.28
28,Felice,Woodbridge,fwoodbridger@pinterest.com,Female,230.18.101.251
29,Patsy,Rosberg,prosbergs@dot.gov,Male,16.239.234.127
30,Reba,Abramovici,rabramovicit@freewebs.com,Female,243.212.144.234
31,Malia,Evemy,mevemyu@ox.ac.uk,Female,134.254.132.252
32,Babb,Berry,bberryv@blogger.com,Female,0.18.177.247
33,Aguie,Kenrat,akenratw@adobe.com,Male,190.165.178.29
34,Donnie,Adamiak,dadamiakx@soundcloud.com,Male,163.135.49.164
35,Emmey,Paskerful,epaskerfuly@salon.com,Female,177.190.167.117
36,Honoria,Vinnicombe,hvinnicombez@amazon.com,Female,102.130.163.88
37,Roseline,O' Borne,roborne10@washington.edu,Agender,224.240.179.9
38,Ardyce,Ciciari,aciciari11@toplist.cz,Female,62.51.228.60
39,Lemar,Leander,lleander12@yahoo.co.jp,Male,166.87.25.101
40,Vanessa,Polglaze,vpolglaze13@artisteer.com,Female,217.53.147.29
41,Twyla,Gloves,tgloves14@redcross.org,Female,110.86.143.205
42,Orelee,Armin,oarmin15@amazon.co.uk,Female,183.158.53.167
43,Dov,Heskin,dheskin16@gravatar.com,Male,96.191.161.241
44,Christine,Giorgeschi,cgiorgeschi17@instagram.com,Female,37.204.222.96
45,Alfreda,Ornils,aornils18@de.vu,Female,227.82.69.221
46,Ninnette,Inde,ninde19@scribd.com,Female,215.95.168.248
47,Nelli,Soule,nsoule1a@prweb.com,Female,112.231.48.8
48,Daryle,Ramsdell,dramsdell1b@wsj.com,Male,13.202.66.217
49,Demetre,Bealton,dbealton1c@flavors.me,Male,242.89.54.144
50,Misty,Saffle,msaffle1d@liveinternet.ru,Female,249.162.110.137
51,Frederica,Edmunds,fedmunds1e@uol.com.br,Female,64.186.60.212
52,Dominick,Barensen,dbarensen1f@amazon.co.uk,Male,112.98.107.172
53,Solly,Quade,squade1g@goo.gl,Male,2.177.180.118
54,Evonne,Gallacher,egallacher1h@cornell.edu,Female,33.150.107.72
55,Haze,Stannislawski,hstannislawski1i@topsy.com,Male,40.196.118.250
56,Stephenie,Walworth,swalworth1j@blogs.com,Female,178.41.210.114
57,Linette,McGurk,lmcgurk1k@prlog.org,Female,41.109.60.88
58,Shani,Arr,sarr1l@gmpg.org,Female,34.237.234.10
59,Sherlock,Linacre,slinacre1m@disqus.com,Male,59.49.60.12
60,Zacharias,Nutter,znutter1n@blogtalkradio.com,Male,78.123.97.255
61,Heda,Misson,hmisson1o@shareasale.com,Female,58.119.183.144
62,Jen,Scole,jscole1p@ycombinator.com,Female,111.141.139.221
63,Syd,Dugood,sdugood1q@comsenz.com,Male,212.4.244.190
64,Gordie,Solon,gsolon1r@nih.gov,Male,89.76.225.76
65,Wendi,Applegarth,wapplegarth1s@mail.ru,Female,21.110.219.52
66,Hugibert,Salmoni,hsalmoni1t@businessweek.com,Male,224.207.8.247
67,Nye,Dutt,ndutt1u@photobucket.com,Bigender,226.149.247.22
68,Huberto,Cliff,hcliff1v@noaa.gov,Male,7.101.50.101
69,Enriqueta,Sinderson,esinderson1w@netscape.com,Female,43.115.184.40
70,Vaclav,Elfleet,velfleet1x@indiegogo.com,Male,119.92.216.211
71,Gustie,Spittle,gspittle1y@pagesperso-orange.fr,Female,68.50.187.208
72,Mohandas,Winspire,mwinspire1z@soup.io,Male,9.207.154.111
73,Alissa,Bayles,abayles20@drupal.org,Female,124.50.89.15
74,Chancey,Eary,ceary21@sun.com,Male,37.187.162.37
75,Grata,Berndtssen,gberndtssen22@wikimedia.org,Female,191.174.2.204
76,Trixie,Heister,theister23@myspace.com,Female,53.112.68.251
77,Diann,Landsborough,dlandsborough24@marketwatch.com,Female,252.130.114.110
78,Kirby,Brusle,kbrusle25@jimdo.com,Female,179.202.107.79
79,Tiphani,Pinsent,tpinsent26@springer.com,Female,5.20.120.70
80,Adore,Lyston,alyston27@unesco.org,Bigender,113.152.67.190
81,Maurise,Viner,mviner28@last.fm,Male,252.195.253.25
82,Alford,Kearton,akearton29@bloglines.com,Male,198.177.155.101
83,Clywd,Kirwood,ckirwood2a@altervista.org,Male,9.166.22.57
84,Dennet,Hacun,dhacun2b@xing.com,Male,230.185.11.161
85,Winifield,Frensch,wfrensch2c@zimbio.com,Male,249.116.77.82
86,Dmitri,McDowall,dmcdowall2d@addthis.com,Male,109.45.87.102
87,Micky,Hasel,mhasel2e@jalbum.net,Agender,18.191.125.225
88,Con,Brandenberg,cbrandenberg2f@deviantart.com,Male,169.235.11.195
89,Eadmund,Meharry,emeharry2g@linkedin.com,Male,252.215.116.69
90,Sebastian,Calrow,scalrow2h@intel.com,Male,145.160.183.131
91,Toma,Balma,tbalma2i@zimbio.com,Female,138.120.8.88
92,Roseann,Revey,rrevey2j@facebook.com,Female,22.121.109.227
93,Gustavus,Pinnijar,gpinnijar2k@dailymotion.com,Male,198.138.107.187
94,Rachele,Batch,rbatch2l@shareasale.com,Female,238.57.66.235
95,Matias,Sweedland,msweedland2m@mapquest.com,Male,207.12.231.232
96,Olivia,Coggings,ocoggings2n@comsenz.com,Female,31.113.143.72
97,Gwendolin,Ashley,gashley2o@instagram.com,Female,187.127.165.245
98,Jeremy,Forbear,jforbear2p@aboutads.info,Male,27.201.83.4
99,Dyane,Armell,darmell2q@merriam-webster.com,Female,17.69.228.120
100,Dolorita,Burt,dburt2r@furl.net,Female,75.39.60.66
101,Mile,Winsper,mwinsper2s@webnode.com,Male,236.245.20.106
102,Corrie,Margett,cmargett2t@devhub.com,Male,84.165.181.140
103,Tabby,Thompson,tthompson2u@imgur.com,Male,135.176.83.223
104,Anita,Bertolaccini,abertolaccini2v@nba.com,Female,34.18.72.48
105,Englebert,McGruar,emcgruar2w@blogtalkradio.com,Male,106.176.4.120
106,Hillery,Pyser,hpyser2x@illinois.edu,Male,198.184.63.47
107,Huntley,McSharry,hmcsharry2y@themeforest.net,Male,15.253.14.159
108,Cullie,Leimster,cleimster2z@techcrunch.com,Male,27.122.124.234
109,Delphine,Bett,dbett30@wikimedia.org,Female,35.166.20.117
110,Alberta,Alldritt,aalldritt31@bloomberg.com,Genderqueer,233.238.78.75
111,Jerrylee,Whiley,jwhiley32@auda.org.au,Female,222.15.218.40
112,Philippa,Malkinson,pmalkinson33@baidu.com,Female,75.11.63.95
113,Leila,Favel,lfavel34@feedburner.com,Non-binary,127.134.182.248
114,Renata,Brecon,rbrecon35@ow.ly,Female,49.89.157.146
115,Brooks,Swatridge,bswatridge36@adobe.com,Male,107.224.231.68
116,George,Bevar,gbevar37@gnu.org,Female,191.26.127.46
117,Linoel,Seemmonds,lseemmonds38@illinois.edu,Agender,37.104.13.33
118,Hunfredo,Nerheny,hnerheny39@mozilla.com,Agender,233.16.67.189
119,Valina,Cameron,vcameron3a@java.com,Female,129.156.89.58
120,Briant,Rannie,brannie3b@unicef.org,Male,4.89.197.111
121,Rayna,Jeaneau,rjeaneau3c@harvard.edu,Genderqueer,187.79.142.33
122,Byrom,Churching,bchurching3d@weebly.com,Male,148.166.184.120
123,Bax,Whight,bwhight3e@gov.uk,Male,73.166.157.20
124,Larissa,Dannohl,ldannohl3f@163.com,Female,150.94.209.64
125,Hobey,Aspel,haspel3g@friendfeed.com,Male,244.48.232.26
126,Nichole,Donwell,ndonwell3h@dyndns.org,Female,118.66.18.31
127,Denise,Colleymore,dcolleymore3i@umn.edu,Female,123.122.41.110
128,Gypsy,Mackieson,gmackieson3j@sitemeter.com,Female,205.27.105.11
129,Gerrard,Twort,gtwort3k@booking.com,Male,79.62.55.132
130,Tabor,Milesap,tmilesap3l@soup.io,Male,237.212.137.117
131,Lilllie,Bellord,lbellord3m@t-online.de,Female,199.131.6.198
132,Yankee,Ivanuschka,yivanuschka3n@multiply.com,Male,139.223.26.227
133,Hetty,Jimes,hjimes3o@goodreads.com,Genderqueer,10.145.255.246
134,Herby,MacKartan,hmackartan3p@eepurl.com,Male,204.243.27.222
135,Eldredge,Burbank,eburbank3q@irs.gov,Male,227.174.146.135
136,Mabel,Ethelstone,methelstone3r@opera.com,Female,96.56.220.188
137,Mendel,Gorger,mgorger3s@rakuten.co.jp,Male,29.205.153.171
138,Mareah,Phillimore,mphillimore3t@archive.org,Female,134.230.87.116
139,Shawna,McNelly,smcnelly3u@blogger.com,Female,56.12.156.118
140,Rozanne,Gencke,rgencke3v@last.fm,Female,179.183.83.34
141,Pen,Bartoszewski,pbartoszewski3w@upenn.edu,Female,1.252.164.118
142,Lexine,Quinney,lquinney3x@icio.us,Female,174.184.170.9
143,Sherman,Richin,srichin3y@cafepress.com,Male,188.198.73.174
144,Johan,Son,json3z@thetimes.co.uk,Male,76.42.85.205
145,Aeriela,Souness,asouness40@nationalgeographic.com,Genderqueer,148.118.26.99
146,Reamonn,Verrico,rverrico41@java.com,Non-binary,173.219.141.137
147,Gwyneth,Island,gisland42@merriam-webster.com,Female,64.251.12.149
148,Zenia,Tremathack,ztremathack43@ox.ac.uk,Female,132.177.4.236
149,Elisabetta,Goodbur,egoodbur44@squarespace.com,Female,255.239.165.112
150,Isaak,Parkins,iparkins45@imdb.com,Male,57.28.246.13
151,Nathanial,Sommerland,nsommerland46@go.com,Male,252.234.228.111
152,Chester,Exrol,cexrol47@kickstarter.com,Male,175.1.240.125
153,Rickie,Swanne,rswanne48@columbia.edu,Female,244.186.24.169
154,Skippy,Korba,skorba49@etsy.com,Male,108.47.51.144
155,Inesita,Lennarde,ilennarde4a@samsung.com,Female,157.25.107.169
156,Adore,Jennaway,ajennaway4b@rakuten.co.jp,Genderqueer,216.86.98.123
157,Heath,Shiell,hshiell4c@ustream.tv,Male,168.26.141.167
158,Samaria,Kneebone,skneebone4d@columbia.edu,Female,198.93.108.228
159,Nicolea,Kinkead,nkinkead4e@unesco.org,Female,89.172.113.169
160,Esteban,Druitt,edruitt4f@fc2.com,Male,36.28.101.169
161,Ram,Tilmouth,rtilmouth4g@nydailynews.com,Male,223.154.99.216
162,Michel,Johnsson,mjohnsson4h@fc2.com,Male,156.239.59.201
163,Nathaniel,Elmore,nelmore4i@list-manage.com,Male,207.88.34.12
164,Farris,Scandroot,fscandroot4j@so-net.ne.jp,Male,254.84.33.68
165,Beth,Drinkel,bdrinkel4k@is.gd,Female,60.183.198.23
166,Leonanie,Thoma,lthoma4l@wp.com,Female,27.251.160.97
167,Maudie,Harmstone,mharmstone4m@bluehost.com,Female,174.16.225.182
168,Beulah,Kalisch,bkalisch4n@xing.com,Female,128.138.41.216
169,Derwin,Georghiou,dgeorghiou4o@yahoo.com,Male,240.94.222.123
170,Rick,Asaaf,rasaaf4p@rediff.com,Male,144.147.79.181
171,Abra,Deverose,adeverose4q@npr.org,Female,129.86.234.63
172,Fraser,Heal,fheal4r@jiathis.com,Male,61.187.162.24
173,Artie,Fechnie,afechnie4s@springer.com,Male,102.84.51.119
174,Jordon,Hembery,jhembery4t@oakley.com,Genderqueer,19.200.200.0
175,Shelbi,Fellenor,sfellenor4u@sciencedaily.com,Female,53.119.80.30
176,Anabella,Coggen,acoggen4v@ihg.com,Female,173.201.86.109
177,Holmes,Kemmish,hkemmish4w@google.cn,Male,11.20.146.206
178,Aloisia,Blatcher,ablatcher4x@wordpress.com,Female,16.228.138.21
179,Holly,Morfey,hmorfey4y@ted.com,Agender,158.5.109.145
180,Shena,Scouler,sscouler4z@digg.com,Female,145.112.35.50
181,Rik,Curragh,rcurragh50@privacy.gov.au,Male,225.254.6.78
182,Petrina,Burbage,pburbage51@people.com.cn,Female,76.72.15.157
183,Vale,Malthus,vmalthus52@twitpic.com,Female,123.165.3.147
184,Torey,Jills,tjills53@mail.ru,Female,36.153.189.169
185,Rosabelle,Braidley,rbraidley54@techcrunch.com,Female,158.220.171.141
186,Alisha,Jennrich,ajennrich55@ycombinator.com,Non-binary,217.155.255.186
187,Victoir,Kubalek,vkubalek56@icq.com,Male,37.94.144.50
188,Marta,Grazier,mgrazier57@vinaora.com,Female,78.179.130.20
189,Stevy,Oxshott,soxshott58@youku.com,Genderqueer,53.223.246.175
190,Darcie,Grotty,dgrotty59@weebly.com,Female,244.52.114.94
191,Rosemarie,Purviss,rpurviss5a@histats.com,Female,104.9.221.250
192,Dael,McGuggy,dmcguggy5b@tuttocitta.it,Female,189.0.152.100
193,Bendicty,Varfalameev,bvarfalameev5c@earthlink.net,Male,128.140.173.169
194,Elli,Bischop,ebischop5d@harvard.edu,Female,64.133.160.250
195,Janeta,Lidgate,jlidgate5e@google.co.uk,Female,193.171.233.201
196,Harriette,Montague,hmontague5f@imdb.com,Female,102.1.84.192
197,Inesita,Bastide,ibastide5g@china.com.cn,Female,166.234.176.234
198,Jacinta,Topham,jtopham5h@ucoz.ru,Female,133.157.228.114
199,Gabbi,Warry,gwarry5i@go.com,Female,108.92.28.28
200,Wolfy,Currington,wcurrington5j@google.com.au,Male,91.8.70.103
201,Nicolle,Raubenheimer,nraubenheimer5k@blinklist.com,Female,147.238.29.162
202,Arni,Eliasson,aeliasson5l@acquirethisname.com,Male,126.229.97.87
203,Gilemette,Redmond,gredmond5m@constantcontact.com,Female,151.203.47.5
204,Gertrude,Gale,ggale5n@scientificamerican.com,Female,211.5.222.230
205,Baily,Senecaut,bsenecaut5o@lulu.com,Male,123.115.63.14
206,Gunter,McGiff,gmcgiff5p@macromedia.com,Male,242.99.114.115
207,Courtnay,Rains,crains5q@hatena.ne.jp,Male,156.82.215.171
208,Emyle,Doman,edoman5r@cocolog-nifty.com,Female,145.31.238.228
209,Antonina,Sawood,asawood5s@geocities.com,Female,184.29.15.53
210,Star,Sammon,ssammon5t@unc.edu,Female,247.17.201.124
211,Di,Burrel,dburrel5u@google.ru,Female,10.16.4.4
212,Skipp,Slee,sslee5v@dmoz.org,Male,222.52.12.147
213,Egan,Barnardo,ebarnardo5w@cnet.com,Male,82.83.21.56
214,Dianne,Nuth,dnuth5x@utexas.edu,Polygender,170.30.2.174
215,Odetta,Grocutt,ogrocutt5y@fda.gov,Female,65.238.26.168
216,Chelsy,Bome,cbome5z@washingtonpost.com,Female,183.206.72.150
217,Nickola,McQuarrie,nmcquarrie60@arstechnica.com,Male,247.203.194.156
218,Yvette,Rubee,yrubee61@bravesites.com,Female,182.146.61.254
219,Jessi,Cansfield,jcansfield62@sciencedirect.com,Female,81.176.242.237
220,Pollyanna,Izakov,pizakov63@census.gov,Female,5.89.184.115
221,Jacinda,Fiddiman,jfiddiman64@alibaba.com,Female,50.220.126.146
222,Sunshine,Twelve,stwelve65@lycos.com,Female,226.160.222.49
223,Kirsteni,Hessenthaler,khessenthaler66@nsw.gov.au,Female,188.195.239.26
224,Marven,Scullard,mscullard67@auda.org.au,Male,206.251.31.38
225,Wesley,Ridel,wridel68@tumblr.com,Male,177.241.252.193
226,Penelopa,Creffeild,pcreffeild69@about.com,Female,151.164.243.187
227,Juliette,Simonian,jsimonian6a@weebly.com,Female,250.207.104.58
228,Maria,Hug,mhug6b@msn.com,Female,68.173.170.239
229,Mimi,Le Marquand,mlemarquand6c@jalbum.net,Polygender,38.61.12.210
230,Marje,Beacock,mbeacock6d@dyndns.org,Female,121.1.101.201
231,Mira,Leggan,mleggan6e@weibo.com,Female,175.208.200.144
232,Allister,Bulleyn,abulleyn6f@icio.us,Male,27.99.228.103
233,Clarita,Blazynski,cblazynski6g@w3.org,Female,66.240.183.250
234,Orren,Giannasi,ogiannasi6h@cocolog-nifty.com,Male,88.184.5.217
235,Elbert,Frizzell,efrizzell6i@fda.gov,Male,206.51.16.51
236,Andie,Willshere,awillshere6j@constantcontact.com,Male,188.203.227.91
237,Currey,Kittman,ckittman6k@cbslocal.com,Male,86.129.189.204
238,Leoine,Kennifeck,lkennifeck6l@newsvine.com,Female,69.129.155.205
239,Crissy,Berens,cberens6m@discuz.net,Female,45.14.235.210
240,Albina,Stendall,astendall6n@mozilla.org,Female,252.243.72.158
241,Edythe,Tampen,etampen6o@msu.edu,Female,124.209.19.173
242,Olympie,Oganesian,ooganesian6p@indiatimes.com,Female,217.14.130.57
243,Madelon,Ivashchenko,mivashchenko6q@cisco.com,Female,217.92.209.193
244,Jerrylee,Switsur,jswitsur6r@addtoany.com,Female,203.152.210.125
245,Janet,Stoakes,jstoakes6s@usnews.com,Female,203.140.39.135
246,Annabell,Weins,aweins6t@disqus.com,Female,243.146.172.58
247,Nicolea,Olliff,nolliff6u@bloomberg.com,Female,129.197.210.98
248,Ava,Hyrons,ahyrons6v@huffingtonpost.com,Female,238.198.7.156
249,Kaila,Glyssanne,kglyssanne6w@dot.gov,Female,43.115.64.118
250,Gusella,Wincott,gwincott6x@admin.ch,Female,149.241.246.158
251,Alfonso,Gavan,agavan6y@comcast.net,Male,202.189.77.103
252,Lilith,Shefton,lshefton6z@shop-pro.jp,Female,195.109.198.107
253,Desdemona,Curuclis,dcuruclis70@ebay.com,Female,62.168.162.162
254,Lorri,Broschke,lbroschke71@chicagotribune.com,Female,13.235.77.163
255,Raymund,Walbridge,rwalbridge72@naver.com,Male,107.103.248.165
256,Jeni,Oke,joke73@wordpress.com,Female,149.114.216.255
257,Ambrose,Sweating,asweating74@google.es,Male,155.221.46.185
258,Khalil,Bolingbroke,kbolingbroke75@topsy.com,Male,89.169.97.231
259,Gavan,Brandel,gbrandel76@wiley.com,Male,148.166.21.225
260,Peggi,Klinck,pklinck77@pen.io,Female,208.54.182.215
261,Josiah,Sibray,jsibray78@va.gov,Male,239.100.21.219
262,Kirsti,Pyecroft,kpyecroft79@unc.edu,Female,239.213.173.35
263,Kipp,Sueter,ksueter7a@php.net,Male,65.82.119.1
264,Beau,Bodle,bbodle7b@shop-pro.jp,Male,189.72.76.211
265,Tessi,Du Fray,tdufray7c@sfgate.com,Female,92.124.175.26
266,De witt,Jimmes,djimmes7d@tripod.com,Male,104.6.198.80
267,Wilek,Duggan,wduggan7e@google.com.br,Non-binary,144.11.168.98
268,Quinlan,Georges,qgeorges7f@cdc.gov,Male,114.195.109.191
269,Ingrim,Kolyagin,ikolyagin7g@merriam-webster.com,Male,106.155.153.201
270,Georgena,Meegan,gmeegan7h@china.com.cn,Bigender,133.9.156.195
271,Dinah,Dreakin,ddreakin7i@msu.edu,Female,49.219.58.35
272,Harold,Gethings,hgethings7j@baidu.com,Male,207.247.221.192
273,Ardys,Esp,aesp7k@prnewswire.com,Female,59.97.134.53
274,Pris,Alchin,palchin7l@1688.com,Female,19.235.133.200
275,Ellene,Brumwell,ebrumwell7m@smugmug.com,Female,36.197.110.247
276,Gilbertine,Charlet,gcharlet7n@xrea.com,Female,78.165.160.101
277,Chrotoem,Bythway,cbythway7o@yelp.com,Male,188.201.234.25
278,Dory,Timbs,dtimbs7p@latimes.com,Male,111.211.116.252
279,Curry,Offiler,coffiler7q@gravatar.com,Male,215.64.16.66
280,Dido,Custed,dcusted7r@google.co.jp,Female,49.110.172.255
281,Sharona,Maneylaws,smaneylaws7s@huffingtonpost.com,Female,39.119.139.46
282,Joey,Fitzharris,jfitzharris7t@marketwatch.com,Male,189.53.87.29
283,Charlton,Pflieger,cpflieger7u@tripod.com,Male,64.237.38.170
284,Adrien,Devoy,adevoy7v@stumbleupon.com,Agender,160.191.120.232
285,Frank,Snookes,fsnookes7w@yahoo.com,Male,228.102.247.155
286,Neddie,Kinsell,nkinsell7x@mail.ru,Male,51.88.62.163
287,Petrina,Inman,pinman7y@ed.gov,Female,27.111.130.213
288,Juliet,Alesbrook,jalesbrook7z@1und1.de,Non-binary,247.207.163.39
289,Emilio,Claypoole,eclaypoole80@biglobe.ne.jp,Male,70.56.144.190
290,Glad,Djekic,gdjekic81@ustream.tv,Female,11.63.30.110
291,Dorey,Wrist,dwrist82@ifeng.com,Female,255.148.255.86
292,Charlean,Ply,cply83@wired.com,Polygender,253.18.145.103
293,Bengt,Bess,bbess84@nationalgeographic.com,Genderqueer,56.24.163.86
294,Karyn,Gurko,kgurko85@blinklist.com,Female,2.173.206.248
295,Misti,Ivanichev,mivanichev86@opensource.org,Female,164.69.230.75
296,Becca,Walworth,bwalworth87@salon.com,Non-binary,176.217.37.38
297,Janie,MacKimmie,jmackimmie88@reuters.com,Non-binary,25.215.217.17
298,Ibby,Whal,iwhal89@mayoclinic.com,Female,87.239.123.181
299,Kelci,Tearle,ktearle8a@over-blog.com,Female,175.109.11.111
300,Clarisse,Alsina,calsina8b@cam.ac.uk,Female,220.216.151.194
301,Donnie,Castagnier,dcastagnier8c@parallels.com,Female,211.253.141.222
302,Clayborn,Gouldstone,cgouldstone8d@mail.ru,Male,47.196.195.188
303,Ossie,Fennelow,ofennelow8e@reuters.com,Male,253.255.8.36
304,Dare,Cressey,dcressey8f@about.com,Male,173.196.35.39
305,Dyan,Britzius,dbritzius8g@google.de,Female,94.53.135.85
306,Rene,Dahlgren,rdahlgren8h@youtube.com,Female,20.99.77.242
307,Mina,Norcutt,mnorcutt8i@economist.com,Female,38.100.36.153
308,Aila,Willows,awillows8j@google.com.hk,Female,31.234.31.225
309,Adelle,Wilshin,awilshin8k@indiegogo.com,Female,137.245.34.251
310,Fidole,Stiddard,fstiddard8l@imdb.com,Male,41.4.206.1
311,Penelopa,Benthall,pbenthall8m@oaic.gov.au,Female,133.217.113.131
312,Sheelah,Coling,scoling8n@cocolog-nifty.com,Female,101.106.167.130
313,Alayne,Martinat,amartinat8o@shinystat.com,Female,196.11.41.34
314,Elianora,Cothey,ecothey8p@dailymotion.com,Female,131.81.34.23
315,Ford,Caskie,fcaskie8q@shareasale.com,Male,187.43.26.73
316,Neils,Rumgay,nrumgay8r@springer.com,Male,77.69.166.238
317,Lea,Jauncey,ljauncey8s@cargocollective.com,Female,68.182.241.105
318,Gaspard,Dalglish,gdalglish8t@timesonline.co.uk,Male,183.252.53.87
319,Tony,Bartolommeo,tbartolommeo8u@xinhuanet.com,Bigender,179.54.230.7
320,Jeffie,Pendlenton,jpendlenton8v@bigcartel.com,Male,254.245.83.153
321,Horten,Smallpeace,hsmallpeace8w@mediafire.com,Polygender,122.103.242.70
322,Ingeberg,Venners,ivenners8x@toplist.cz,Female,9.243.103.95
323,Bernhard,Dohms,bdohms8y@nifty.com,Male,8.22.35.8
324,Deeann,Ucceli,ducceli8z@psu.edu,Female,50.199.56.207
325,Pooh,Simonelli,psimonelli90@infoseek.co.jp,Female,55.228.142.42
326,Kit,Mariner,kmariner91@mozilla.com,Male,28.73.122.143
327,Alys,Stobie,astobie92@instagram.com,Female,61.102.195.120
328,Gerome,Orgill,gorgill93@msn.com,Male,64.56.195.33
329,Jeffy,Dowbiggin,jdowbiggin94@reuters.com,Male,27.9.232.251
330,Phillida,Sneaker,psneaker95@typepad.com,Female,210.10.104.15
331,Ebony,Thirst,ethirst96@live.com,Female,176.120.64.91
332,Frederich,Danaher,fdanaher97@fda.gov,Male,51.186.131.115
333,Meier,Jersch,mjersch98@smh.com.au,Male,255.218.3.213
334,Raul,Mauser,rmauser99@dyndns.org,Male,146.192.142.133
335,Madelene,Askaw,maskaw9a@mayoclinic.com,Female,1.157.133.198
336,Grata,Zuenelli,gzuenelli9b@unesco.org,Female,130.199.134.24
337,Rolland,Schankel,rschankel9c@hubpages.com,Male,70.82.79.199
338,Chantalle,Szymaniak,cszymaniak9d@reverbnation.com,Female,237.8.157.51
339,Woodman,Tyer,wtyer9e@ovh.net,Male,218.183.21.91
340,Simone,Gaudon,sgaudon9f@state.gov,Female,194.47.139.178
341,Liuka,Sent,lsent9g@digg.com,Female,191.119.232.120
342,Deena,Stillmann,dstillmann9h@google.co.jp,Female,3.156.176.33
343,Lona,Fines,lfines9i@51.la,Female,165.182.44.192
344,Gabriel,Digance,gdigance9j@scribd.com,Male,66.72.179.140
345,Corie,Audus,caudus9k@altervista.org,Female,147.69.70.50
346,Cornie,Taggett,ctaggett9l@fema.gov,Female,243.174.56.170
347,Aldo,Van Eeden,avaneeden9m@php.net,Male,210.194.251.9
348,Arnuad,Smallcomb,asmallcomb9n@imgur.com,Male,237.114.151.221
349,Abel,Brockie,abrockie9o@cbc.ca,Male,216.112.61.34
350,Raeann,Newe,rnewe9p@ca.gov,Female,66.30.45.90
351,Homere,Bezants,hbezants9q@tamu.edu,Male,61.114.205.1
352,Luca,Karleman,lkarleman9r@china.com.cn,Polygender,104.89.218.234
353,Harmon,Alcott,halcott9s@blogspot.com,Male,42.246.113.125
354,Matilda,Hannabuss,mhannabuss9t@howstuffworks.com,Polygender,182.180.151.232
355,Eziechiele,Audenis,eaudenis9u@buzzfeed.com,Male,190.248.149.230
356,Madelin,Treppas,mtreppas9v@yahoo.co.jp,Female,246.178.154.240
357,Gabbi,Furst,gfurst9w@tinyurl.com,Female,186.211.134.137
358,Silvana,McDade,smcdade9x@goo.ne.jp,Female,230.108.215.103
359,Phylys,Legat,plegat9y@canalblog.com,Female,98.252.234.135
360,Melisenda,Arthars,marthars9z@ft.com,Female,128.208.82.41
361,Ferrel,Stobie,fstobiea0@ow.ly,Male,11.216.51.204
362,Trey,McAline,tmcalinea1@mediafire.com,Male,91.1.164.215
363,Pepillo,Alvin,palvina2@edublogs.org,Male,225.182.235.109
364,Brandyn,Stacey,bstaceya3@goo.ne.jp,Male,151.49.125.112
365,Fleurette,Ruoss,fruossa4@gizmodo.com,Female,169.110.80.157
366,Lark,Trainer,ltrainera5@rambler.ru,Female,53.82.82.135
367,Marlie,Evamy,mevamya6@washington.edu,Female,119.51.44.199
368,Ame,Pallin,apallina7@bluehost.com,Female,70.194.17.12
369,Olivier,Oakhill,ooakhilla8@barnesandnoble.com,Male,238.235.188.224
370,Beniamino,Souley,bsouleya9@dyndns.org,Male,245.176.144.89
371,Nahum,Mahaddy,nmahaddyaa@jalbum.net,Male,117.153.125.208
372,Hertha,Growcott,hgrowcottab@unc.edu,Female,137.32.132.20
373,Rodger,Bartke,rbartkeac@goodreads.com,Male,234.237.181.166
374,Nathan,McGiveen,nmcgiveenad@chicagotribune.com,Male,39.135.154.45
375,Annabelle,McGarvey,amcgarveyae@quantcast.com,Female,146.177.25.157
376,Cher,Widmoor,cwidmooraf@geocities.com,Female,234.12.171.65
377,Pearl,Dummigan,pdummiganag@godaddy.com,Female,114.74.147.8
378,Waylon,Jacquest,wjacquestah@multiply.com,Male,153.45.36.207
379,Aylmar,MacKeague,amackeagueai@youku.com,Male,120.56.194.40
380,Ibrahim,Maypowder,imaypowderaj@shutterfly.com,Male,173.54.77.116
381,Kassia,Buck,kbuckak@cyberchimps.com,Female,171.240.164.213
382,Jedd,Weiss,jweissal@etsy.com,Male,179.182.104.115
383,Raye,McCreadie,rmccreadieam@mediafire.com,Genderqueer,58.74.199.103
384,Sandor,Monro,smonroan@nyu.edu,Male,95.197.253.233
385,Glennie,Skillman,gskillmanao@livejournal.com,Female,140.89.72.114
386,Maitilde,Bortolazzi,mbortolazziap@bigcartel.com,Female,254.241.57.230
387,Gwendolyn,Alway,galwayaq@addtoany.com,Female,148.175.77.57
388,Lon,Buglar,lbuglarar@cbsnews.com,Male,23.184.202.200
389,Yovonnda,Nunn,ynunnas@go.com,Female,58.197.137.44
390,Sutton,Draaisma,sdraaismaat@umn.edu,Male,200.144.226.57
391,Amandy,Reboul,areboulau@blog.com,Female,155.32.97.7
392,Ellis,Gout,egoutav@tmall.com,Male,247.53.36.13
393,Vicky,Bonehill,vbonehillaw@illinois.edu,Female,110.124.62.151
394,Gerianna,De Ruggero,gderuggeroax@newyorker.com,Female,199.72.54.38
395,Binnie,de Aguirre,bdeaguirreay@netvibes.com,Female,161.67.177.126
396,Wally,Fellenor,wfellenoraz@nih.gov,Male,43.140.228.155
397,Lucias,Simnett,lsimnettb0@squarespace.com,Male,105.199.10.216
398,Wylie,Fomichyov,wfomichyovb1@cyberchimps.com,Male,21.28.58.231
399,Portie,Strapp,pstrappb2@disqus.com,Male,173.124.18.23
400,Linnet,Corbally,lcorballyb3@list-manage.com,Female,69.58.188.218
401,Uri,Crosio,ucrosiob4@nymag.com,Genderqueer,249.238.70.196
402,Neely,Reichhardt,nreichhardtb5@example.com,Female,42.239.29.77
403,Ysabel,Bickerstaff,ybickerstaffb6@google.es,Female,72.70.232.49
404,Nevil,Copozio,ncopoziob7@washingtonpost.com,Male,60.188.76.214
405,Quincey,Achurch,qachurchb8@w3.org,Male,158.40.4.50
406,Arthur,Rault,araultb9@vinaora.com,Male,44.233.186.22
407,Gracia,Troake,gtroakeba@flickr.com,Bigender,173.229.105.212
408,Zola,Foxton,zfoxtonbb@t.co,Female,61.217.122.232
409,Emeline,Rodenburg,erodenburgbc@yahoo.com,Female,175.96.148.119
410,Keven,Neate,kneatebd@boston.com,Male,137.235.205.139
411,Zsazsa,Shovlin,zshovlinbe@answers.com,Genderqueer,121.248.248.149
412,Forbes,Brandli,fbrandlibf@marriott.com,Male,169.85.154.142
413,Adelheid,Beszant,abeszantbg@archive.org,Female,224.246.111.68
414,Leonidas,Lismore,llismorebh@ftc.gov,Agender,171.37.149.176
415,Cletus,Stendall,cstendallbi@typepad.com,Male,9.12.99.8
416,Lloyd,Sykes,lsykesbj@salon.com,Male,4.135.89.152
417,Fania,Manby,fmanbybk@oaic.gov.au,Genderqueer,240.53.115.69
418,Angelina,Norman,anormanbl@virginia.edu,Female,189.6.157.163
419,Demetris,Gronw,dgronwbm@miibeian.gov.cn,Male,62.90.97.152
420,Urbano,Trowle,utrowlebn@desdev.cn,Male,248.178.65.250
421,Albertine,Harrowing,aharrowingbo@mapy.cz,Female,209.254.144.150
422,Germayne,Wahlberg,gwahlbergbp@webmd.com,Male,123.137.119.198
423,Selma,MacQuist,smacquistbq@amazonaws.com,Female,140.176.144.76
424,Tory,Doggerell,tdoggerellbr@taobao.com,Female,29.154.84.10
425,Normand,Cristofano,ncristofanobs@altervista.org,Non-binary,70.147.125.236
426,Cesar,Ludovici,cludovicibt@state.tx.us,Non-binary,51.26.152.99
427,Ricca,Tomasino,rtomasinobu@nifty.com,Agender,250.71.232.99
428,Anya,Brideaux,abrideauxbv@ebay.co.uk,Female,155.131.226.49
429,Leonie,Schulze,lschulzebw@telegraph.co.uk,Polygender,15.170.251.228
430,Kingsly,Rayment,kraymentbx@economist.com,Male,175.137.181.151
431,Emmaline,Core,ecoreby@marriott.com,Female,200.68.140.122
432,Gwendolen,Cornu,gcornubz@sciencedaily.com,Female,18.88.146.67
433,Ellwood,Theurer,etheurerc0@tinyurl.com,Male,39.191.251.71
434,Shay,Oxford,soxfordc1@devhub.com,Female,236.6.248.150
435,Ivy,Spawton,ispawtonc2@bigcartel.com,Female,196.103.199.178
436,Latrina,Rosenauer,lrosenauerc3@prweb.com,Female,50.208.132.66
437,Theobald,Gaskell,tgaskellc4@arizona.edu,Bigender,87.171.222.48
438,Daniella,Westcott,dwestcottc5@theatlantic.com,Female,139.125.94.158
439,Yancey,Sheehy,ysheehyc6@bloglovin.com,Male,38.102.30.188
440,Nessy,Fermor,nfermorc7@dmoz.org,Female,189.99.59.54
441,Rodi,Reinhard,rreinhardc8@wix.com,Female,51.94.43.135
442,Minnie,Jirusek,mjirusekc9@mail.ru,Female,164.212.21.223
443,Kaitlynn,Abbis,kabbisca@newsvine.com,Female,155.160.161.66
444,Frederick,Thresh,fthreshcb@mapquest.com,Male,132.18.237.222
445,Vladamir,Risbie,vrisbiecc@cam.ac.uk,Male,211.189.109.169
446,Stewart,Tamburi,stamburicd@independent.co.uk,Male,172.125.188.196
447,Raine,Hughs,rhughsce@sitemeter.com,Female,229.56.91.59
448,Sarine,Ondrousek,sondrousekcf@cnbc.com,Female,204.243.8.235
449,Ardine,Bernath,abernathcg@mac.com,Female,65.127.10.137
450,Delcina,Santhouse,dsanthousech@mac.com,Agender,151.106.122.203
451,Boycey,Greenfield,bgreenfieldci@nymag.com,Male,87.163.24.233
452,Sande,Arnaez,sarnaezcj@shinystat.com,Female,115.72.116.10
453,Dare,Derle,dderleck@sciencedirect.com,Male,151.194.98.196
454,Naoma,Lyndon,nlyndoncl@hud.gov,Female,223.251.103.136
455,Zabrina,Hendrickson,zhendricksoncm@facebook.com,Female,182.168.142.221
456,Jayne,Peacher,jpeachercn@gnu.org,Female,48.220.68.55
457,Christian,McGoon,cmcgoonco@wisc.edu,Female,249.186.97.207
458,Shellie,Craydon,scraydoncp@latimes.com,Female,74.42.4.152
459,Denna,Halpine,dhalpinecq@comsenz.com,Female,19.169.149.27
460,Emanuel,Begin,ebegincr@photobucket.com,Male,33.136.149.255
461,Jarvis,Lindenberg,jlindenbergcs@hud.gov,Male,4.38.231.81
462,Allard,Grundey,agrundeyct@hhs.gov,Male,177.139.131.55
463,Cassandre,Bamsey,cbamseycu@chicagotribune.com,Female,230.143.27.239
464,Patricio,Konzelmann,pkonzelmanncv@nifty.com,Male,189.245.224.120
465,Donni,Mosley,dmosleycw@cdc.gov,Female,130.86.34.26
466,Sharia,Antrim,santrimcx@sogou.com,Female,19.49.238.189
467,Maison,Drew-Clifton,mdrewcliftoncy@microsoft.com,Bigender,25.148.71.246
468,Terence,Simonite,tsimonitecz@cmu.edu,Male,47.86.16.162
469,Verla,O'Lagene,volagened0@examiner.com,Female,40.120.35.149
470,Devlen,Petford,dpetfordd1@facebook.com,Male,41.181.202.132
471,Orelia,Ferronel,oferroneld2@histats.com,Female,34.16.114.142
472,Aldrich,Tregoning,atregoningd3@unc.edu,Male,246.42.176.252
473,Eddi,Dodson,edodsond4@nydailynews.com,Female,161.155.124.133
474,Louella,Berridge,lberridged5@paginegialle.it,Female,179.76.69.143
475,Shana,Oulner,soulnerd6@free.fr,Female,36.171.92.202
476,Lovell,Bachelor,lbachelord7@apple.com,Male,196.5.83.49
477,Nickie,Brobeck,nbrobeckd8@economist.com,Female,200.221.248.179
478,Garek,Kanwell,gkanwelld9@ibm.com,Male,192.185.60.114
479,Row,Pittwood,rpittwoodda@sogou.com,Non-binary,37.157.34.159
480,Willem,Shemmin,wshemmindb@yahoo.co.jp,Male,212.14.177.152
481,Truda,McRonald,tmcronalddc@examiner.com,Female,229.197.220.56
482,Son,Glasard,sglasarddd@bloglovin.com,Male,36.127.98.230
483,Emmalee,McEnhill,emcenhillde@symantec.com,Female,145.124.101.253
484,Denney,Brakewell,dbrakewelldf@last.fm,Genderfluid,183.5.43.88
485,Darell,Sheal,dshealdg@purevolume.com,Female,71.129.244.190
486,Domenico,Cullerne,dcullernedh@cbslocal.com,Male,156.177.151.111
487,Robin,Arrow,rarrowdi@studiopress.com,Female,222.123.78.215
488,Irving,Rouff,irouffdj@army.mil,Male,0.42.50.86
489,Ebeneser,Areles,earelesdk@edublogs.org,Male,108.161.202.210
490,Erny,Riggs,eriggsdl@msu.edu,Male,23.128.164.48
491,Demetris,Tweedy,dtweedydm@amazon.com,Male,60.167.214.61
492,Callie,Wozencroft,cwozencroftdn@angelfire.com,Female,4.193.154.64
493,Storm,Habishaw,shabishawdo@businesswire.com,Female,24.30.239.52
494,Brion,Salack,bsalackdp@state.tx.us,Male,229.189.247.244
495,Pammy,Feacham,pfeachamdq@pbs.org,Female,225.49.143.48
496,Phebe,Casetti,pcasettidr@youtube.com,Female,178.132.253.138
497,Guenevere,Gosse,ggosseds@github.com,Female,94.224.143.76
498,Jeremiah,Kennelly,jkennellydt@domainmarket.com,Male,47.172.187.218
499,Heywood,Bonnyson,hbonnysondu@smugmug.com,Male,99.173.231.199
500,Abbey,Mayberry,amayberrydv@opensource.org,Female,129.72.170.92
501,Hagan,Stelfox,hstelfoxdw@tinyurl.com,Male,109.38.224.198
502,Kellby,Moulds,kmouldsdx@51.la,Male,224.144.37.176
503,Ardella,Willowby,awillowbydy@reverbnation.com,Female,52.204.6.131
504,Ester,Eskell,eeskelldz@skyrock.com,Female,244.252.145.248
505,Cathe,Ryam,cryame0@wordpress.com,Female,148.210.24.167
506,Flossi,Aspden,faspdene1@zdnet.com,Female,47.247.17.215
507,Burl,Bigrigg,bbigrigge2@vinaora.com,Male,154.52.145.242
508,Giffy,Dunbavin,gdunbavine3@nationalgeographic.com,Male,145.139.145.170
509,Svend,Josef,sjosefe4@statcounter.com,Male,33.218.132.201
510,Wilie,Giorgione,wgiorgionee5@scribd.com,Genderqueer,31.84.160.0
511,Giuditta,Hartridge,ghartridgee6@nps.gov,Female,174.79.132.221
512,Pier,Fevers,pfeverse7@ebay.co.uk,Female,138.48.185.213
513,Yale,Bramble,ybramblee8@shinystat.com,Male,226.138.178.194
514,Hurley,Chsteney,hchsteneye9@wired.com,Male,213.47.70.47
515,Jeremiah,Hanlin,jhanlinea@meetup.com,Male,238.17.247.241
516,Honoria,Finney,hfinneyeb@army.mil,Female,38.171.208.201
517,Selle,Tran,stranec@pinterest.com,Bigender,93.240.35.203
518,Charles,Pohlke,cpohlkeed@cbsnews.com,Bigender,129.58.148.230
519,Griswold,Semrad,gsemradee@wunderground.com,Male,188.149.181.236
520,Rowen,Fairbank,rfairbankef@nasa.gov,Male,181.170.149.240
521,Nevin,Cricket,ncricketeg@ning.com,Bigender,159.238.87.20
522,Amandi,Van der Beken,avanderbekeneh@nymag.com,Female,125.134.62.43
523,Charlean,Jendricke,cjendrickeei@fastcompany.com,Female,188.86.58.78
524,Bryon,Creeber,bcreeberej@163.com,Male,92.10.60.99
525,Domini,Rubinowitch,drubinowitchek@weather.com,Female,155.3.4.87
526,Godard,Nann,gnannel@booking.com,Bigender,74.28.63.25
527,Isiahi,Tille,itilleem@vistaprint.com,Male,191.71.168.72
528,Duky,Gatheral,dgatheralen@answers.com,Male,38.94.128.108
529,Corilla,Swayland,cswaylandeo@bloomberg.com,Female,164.70.23.218
530,Celene,Orgee,corgeeep@yale.edu,Female,225.210.142.205
531,Jody,Strank,jstrankeq@usgs.gov,Male,167.234.241.76
532,Sutherlan,Prazer,sprazerer@51.la,Male,185.190.35.35
533,Othelia,Lester,olesteres@t-online.de,Female,233.16.65.158
534,Fernanda,Causey,fcauseyet@sohu.com,Genderfluid,187.128.197.151
535,Evelina,Lennarde,elennardeeu@free.fr,Female,87.206.132.159
536,Charyl,Vincent,cvincentev@xing.com,Agender,147.112.147.194
537,Robenia,Human,rhumanew@prlog.org,Female,69.23.172.145
538,Skippy,Perring,sperringex@weebly.com,Male,92.180.103.233
539,Andria,Pincott,apincottey@unc.edu,Female,120.103.147.193
540,Dulsea,Menilove,dmeniloveez@google.pl,Female,43.192.44.142
541,Blane,Demann,bdemannf0@si.edu,Male,60.87.231.20
542,Herby,O'Bradain,hobradainf1@ask.com,Male,136.19.182.205
543,Scott,Chalfant,schalfantf2@blogger.com,Male,93.186.1.7
544,Corty,Parres,cparresf3@yellowpages.com,Bigender,99.81.67.208
545,Nelson,Tummasutti,ntummasuttif4@google.com.au,Male,92.154.211.67
546,Tabby,Saltsberg,tsaltsbergf5@reuters.com,Female,72.85.77.178
547,Harrietta,Bigadike,hbigadikef6@yolasite.com,Female,160.243.134.197
548,Craggie,Nussii,cnussiif7@gnu.org,Male,18.179.235.31
549,Raddy,Keedwell,rkeedwellf8@multiply.com,Male,154.74.134.240
550,Justine,Presslie,jpresslief9@clickbank.net,Female,96.215.54.157
551,Banky,Shildrick,bshildrickfa@reddit.com,Male,250.171.101.200
552,Butch,Stanlack,bstanlackfb@zdnet.com,Male,184.210.156.17
553,Lon,Hubane,lhubanefc@answers.com,Male,67.170.171.93
554,Renate,Vasilyonok,rvasilyonokfd@comsenz.com,Bigender,232.224.86.207
555,Cati,Morby,cmorbyfe@chron.com,Bigender,64.25.79.223
556,Donelle,Sweatland,dsweatlandff@tamu.edu,Female,62.61.71.35
557,Dante,Cinelli,dcinellifg@wired.com,Male,188.40.226.219
558,Megan,Blackboro,mblackborofh@skyrock.com,Female,122.115.8.176
559,Siobhan,Scarre,sscarrefi@walmart.com,Polygender,145.53.172.154
560,Grange,Godber,ggodberfj@flavors.me,Agender,94.42.8.129
561,Orion,Dundon,odundonfk@google.com.hk,Male,198.73.112.98
562,Anallise,Doughty,adoughtyfl@pcworld.com,Female,46.152.97.52
563,Murdock,Berkowitz,mberkowitzfm@discovery.com,Male,36.100.232.90
564,Tallie,Laughlan,tlaughlanfn@kickstarter.com,Male,47.207.146.191
565,Starla,Kenyon,skenyonfo@mashable.com,Female,118.90.10.97
566,Norton,Alexsandrovich,nalexsandrovichfp@intel.com,Male,151.125.69.170
567,Bastien,Bruntjen,bbruntjenfq@symantec.com,Male,241.131.89.174
568,Belle,McClinton,bmcclintonfr@google.co.uk,Female,33.23.99.135
569,Karol,Robbey,krobbeyfs@chronoengine.com,Female,161.228.73.51
570,Olwen,Gowar,ogowarft@army.mil,Agender,198.162.144.16
571,Carrissa,Mulvin,cmulvinfu@studiopress.com,Female,216.205.217.98
572,Willdon,Louiset,wlouisetfv@apple.com,Male,25.231.103.214
573,Christi,Grioli,cgriolifw@engadget.com,Female,88.150.136.46
574,Tomaso,Streetley,tstreetleyfx@altervista.org,Male,127.47.189.214
575,Kira,Whyffen,kwhyffenfy@elpais.com,Female,254.176.223.98
576,Marina,Kubacek,mkubacekfz@reuters.com,Female,88.83.119.5
577,Moll,Dellenbach,mdellenbachg0@mozilla.com,Female,132.82.140.253
578,Stesha,Rowthorne,srowthorneg1@pen.io,Female,67.243.66.242
579,Rayner,Wedlake,rwedlakeg2@dropbox.com,Male,186.47.164.16
580,Alanah,McQuirk,amcquirkg3@domainmarket.com,Female,213.143.124.16
581,Rhiamon,Justun,rjustung4@utexas.edu,Female,160.82.199.54
582,Artair,Scoggan,ascoggang5@arstechnica.com,Male,114.177.175.134
583,Tanitansy,Matuskiewicz,tmatuskiewiczg6@vkontakte.ru,Genderfluid,71.135.62.54
584,Darice,Berkely,dberkelyg7@miibeian.gov.cn,Female,156.133.5.130
585,Linnea,McCathie,lmccathieg8@mozilla.com,Female,175.132.146.53
586,Harriette,Ollet,holletg9@wunderground.com,Female,69.102.174.201
587,Caprice,Priddie,cpriddiega@walmart.com,Female,180.88.101.214
588,Annadiana,Hurring,ahurringgb@smh.com.au,Female,247.94.216.244
589,Toby,Goathrop,tgoathropgc@guardian.co.uk,Female,164.208.135.52
590,Clare,Mathew,cmathewgd@dmoz.org,Male,183.49.71.33
591,Monroe,Splevings,msplevingsge@tumblr.com,Male,214.24.158.67
592,Tomas,Pfaffel,tpfaffelgf@who.int,Male,124.36.144.143
593,Norean,Brattell,nbrattellgg@si.edu,Female,192.192.178.45
594,Manuel,Hambright,mhambrightgh@jimdo.com,Male,230.199.37.103
595,Eyde,Tapsell,etapsellgi@umich.edu,Female,160.52.187.241
596,Bard,Matus,bmatusgj@example.com,Male,197.19.191.28
597,Berne,Magnus,bmagnusgk@wired.com,Genderqueer,91.228.89.227
598,Denyse,Englishby,denglishbygl@ask.com,Female,223.92.137.70
599,Cosetta,Ternent,cternentgm@hugedomains.com,Female,131.53.34.207
600,Roscoe,Sillito,rsillitogn@digg.com,Male,152.50.212.31
601,Ferris,Cooch,fcoochgo@ftc.gov,Male,7.249.109.184
602,Carmelita,Tubble,ctubblegp@un.org,Female,123.191.32.6
603,Adrienne,Johnsson,ajohnssongq@weebly.com,Female,176.166.27.19
604,Ameline,Laboune,alabounegr@google.co.jp,Female,70.67.107.66
605,Patricio,Brash,pbrashgs@theatlantic.com,Male,114.33.231.204
606,Sammy,Warke,swarkegt@wsj.com,Male,57.114.19.17
607,Katharine,Danelutti,kdaneluttigu@newsvine.com,Agender,56.95.176.136
608,Jarad,Measor,jmeasorgv@csmonitor.com,Male,251.250.144.205
609,Nevile,Corsor,ncorsorgw@mac.com,Male,231.191.118.133
610,Orazio,Marty,omartygx@biblegateway.com,Male,28.30.154.36
611,Claybourne,Danihelka,cdanihelkagy@netvibes.com,Genderqueer,30.88.42.168
612,Viv,Clynter,vclyntergz@sitemeter.com,Female,56.147.176.251
613,Sullivan,Sibun,ssibunh0@columbia.edu,Male,42.108.238.147
614,Rolph,Grzesiewicz,rgrzesiewiczh1@amazon.de,Male,145.70.132.29
615,Mauricio,Foyle,mfoyleh2@infoseek.co.jp,Male,229.68.254.255
616,Cord,Depka,cdepkah3@fastcompany.com,Male,39.170.145.241
617,Micki,Tarrant,mtarranth4@cam.ac.uk,Female,114.13.83.125
618,Jessika,Koch,jkochh5@mit.edu,Female,92.227.114.57
619,Hobard,Brodest,hbrodesth6@photobucket.com,Male,159.178.206.38
620,Leola,Quaintance,lquaintanceh7@dagondesign.com,Female,145.19.17.162
621,Giraud,Wishkar,gwishkarh8@free.fr,Male,222.224.69.203
622,Charil,Stell,cstellh9@pbs.org,Female,28.23.63.130
623,Gwenny,Matignon,gmatignonha@ehow.com,Female,240.202.136.154
624,Lilah,Simeons,lsimeonshb@jimdo.com,Female,222.161.136.97
625,Madelaine,Delgua,mdelguahc@webeden.co.uk,Female,154.155.192.6
626,Appolonia,Pottes,apotteshd@dropbox.com,Female,231.156.218.137
627,Napoleon,Vanyard,nvanyardhe@nbcnews.com,Male,68.206.83.124
628,Mathias,Lamboll,mlambollhf@free.fr,Male,11.47.252.128
629,Pattin,De Bruyn,pdebruynhg@bloglines.com,Male,139.13.122.65
630,Josiah,Triplet,jtriplethh@ask.com,Agender,143.255.196.126
631,Leilah,Vaneschi,lvaneschihi@cdbaby.com,Female,17.83.184.95
632,Ediva,Peschka,epeschkahj@twitter.com,Female,130.183.38.246
633,Peder,Cuss,pcusshk@domainmarket.com,Male,14.47.165.41
634,Saundra,Houlison,shoulisonhl@simplemachines.org,Male,54.225.195.235
635,Maggie,Fennelow,mfennelowhm@accuweather.com,Female,48.97.231.82
636,Vivianne,Thursfield,vthursfieldhn@howstuffworks.com,Female,103.170.157.229
637,Justin,Dawidowicz,jdawidowiczho@storify.com,Male,167.239.251.195
638,Joela,Blundan,jblundanhp@samsung.com,Female,10.138.59.246
639,Bari,Dorton,bdortonhq@narod.ru,Female,230.36.116.90
640,Marcela,Bascombe,mbascombehr@xing.com,Female,13.239.71.186
641,Boony,Enos,benoshs@diigo.com,Male,218.24.117.94
642,Cully,Ksandra,cksandraht@comsenz.com,Male,71.249.108.221
643,Kassia,Inston,kinstonhu@naver.com,Polygender,156.217.233.54
644,Donall,Ixer,dixerhv@deliciousdays.com,Male,76.43.5.111
645,Pinchas,Muneely,pmuneelyhw@over-blog.com,Male,34.249.243.194
646,Waylon,Stainer,wstainerhx@tinypic.com,Male,111.74.181.192
647,Ware,Bristo,wbristohy@bloglines.com,Male,153.183.182.216
648,Natale,Plaid,nplaidhz@engadget.com,Male,70.171.15.8
649,Lindon,Sirett,lsiretti0@tripadvisor.com,Male,126.163.74.177
650,Selma,Fernley,sfernleyi1@e-recht24.de,Female,228.230.234.244
651,Austina,Candlish,acandlishi2@artisteer.com,Female,145.106.79.76
652,Morten,Borrow,mborrowi3@digg.com,Male,84.2.146.207
653,Meredith,Hassekl,mhassekli4@auda.org.au,Female,231.205.67.82
654,Margery,Swan,mswani5@xing.com,Female,194.204.161.73
655,Patrick,Kiloh,pkilohi6@nationalgeographic.com,Male,247.198.102.119
656,Rita,Neljes,rneljesi7@dmoz.org,Female,55.24.29.221
657,Jeramie,Ghilardini,jghilardinii8@networksolutions.com,Genderfluid,110.49.50.215
658,Diandra,Elsip,delsipi9@ihg.com,Female,165.157.89.80
659,Jessi,McCarrell,jmccarrellia@webnode.com,Female,165.6.136.25
660,Kristina,Sawart,ksawartib@infoseek.co.jp,Female,102.77.218.21
661,Bunnie,Itzkovwich,bitzkovwichic@artisteer.com,Female,60.190.182.122
662,Britt,Babar,bbabarid@cocolog-nifty.com,Female,144.102.179.14
663,Tonye,Cayzer,tcayzerie@ebay.co.uk,Agender,171.180.84.83
664,Gideon,Livezey,glivezeyif@toplist.cz,Male,182.76.89.36
665,Gwyn,Ranald,granaldig@oaic.gov.au,Female,74.168.99.219
666,Ivor,Gault,igaultih@princeton.edu,Male,165.49.204.249
667,Emmeline,Chopping,echoppingii@miibeian.gov.cn,Female,56.122.92.232
668,Goddart,Dallaghan,gdallaghanij@people.com.cn,Male,109.116.243.157
669,Inness,Pessold,ipessoldik@shinystat.com,Male,206.162.17.0
670,Ceciley,Skeggs,cskeggsil@ftc.gov,Female,62.121.25.218
671,Obadiah,Beushaw,obeushawim@scribd.com,Male,110.251.30.28
672,Mellisa,Ramsdell,mramsdellin@nydailynews.com,Female,148.81.213.107
673,Edmund,Morrice,emorriceio@hc360.com,Male,218.112.131.239
674,Charis,Barnewille,cbarnewilleip@angelfire.com,Female,246.141.200.134
675,Marge,Duxbarry,mduxbarryiq@google.fr,Female,84.105.26.111
676,Raynard,Radnedge,rradnedgeir@sciencedirect.com,Male,217.187.242.68
677,Evelyn,Dabourne,edabourneis@ed.gov,Male,58.187.74.12
678,Nonna,Swinnerton,nswinnertonit@wiley.com,Female,76.61.21.215
679,Shanan,Creagh,screaghiu@vk.com,Male,221.194.211.180
680,Ruthe,Bulcroft,rbulcroftiv@smugmug.com,Female,130.30.68.229
681,Iain,Elgram,ielgramiw@shop-pro.jp,Male,255.248.54.237
682,Read,Risebarer,rrisebarerix@reuters.com,Non-binary,224.154.87.191
683,Simonne,Beagles,sbeaglesiy@tinypic.com,Female,152.96.58.226
684,Jerald,Seagar,jseagariz@sun.com,Male,57.181.61.146
685,Hortense,Van Velden,hvanveldenj0@hao123.com,Female,83.164.142.203
686,Reube,Crowe,rcrowej1@dailymotion.com,Male,82.162.97.136
687,Gabby,Naptin,gnaptinj2@slate.com,Male,13.160.143.90
688,Derril,Deboick,ddeboickj3@vimeo.com,Male,188.211.66.210
689,Hermon,Foye,hfoyej4@typepad.com,Male,50.252.196.47
690,Enoch,Fancett,efancettj5@soundcloud.com,Male,28.135.38.218
691,Giustino,Crosby,gcrosbyj6@mapquest.com,Male,157.138.98.16
692,Elwin,Licas,elicasj7@ca.gov,Male,45.135.98.96
693,Wendie,Mozzini,wmozzinij8@usgs.gov,Bigender,173.187.101.183
694,Noe,Yukhnin,nyukhninj9@quantcast.com,Non-binary,176.223.116.43
695,Shurlock,Denley,sdenleyja@archive.org,Male,244.164.5.67
696,Gar,Bloxholm,gbloxholmjb@sun.com,Male,227.19.244.15
697,Worthy,Orae,woraejc@about.com,Male,138.23.187.19
698,Dannel,Bruyett,dbruyettjd@icq.com,Male,42.33.227.161
699,Giselbert,Mariel,gmarielje@google.it,Male,178.144.172.154
700,Rodrique,Ragge,rraggejf@msn.com,Male,199.191.183.14
701,Arlen,Redihough,aredihoughjg@go.com,Female,147.191.239.13
702,Renado,Chinn,rchinnjh@soup.io,Male,144.106.151.78
703,Ivie,Shedd,isheddji@amazon.de,Female,18.34.159.172
704,Ruthi,Lugg,rluggjj@amazon.de,Female,121.236.213.50
705,Verge,Wainman,vwainmanjk@hugedomains.com,Male,209.22.84.103
706,Salomone,Fabri,sfabrijl@angelfire.com,Male,0.210.140.137
707,Jaclyn,Asty,jastyjm@blogtalkradio.com,Female,157.126.57.16
708,Lauraine,Goldsmith,lgoldsmithjn@sbwire.com,Female,25.83.117.174
709,Una,Trim,utrimjo@phpbb.com,Bigender,79.133.85.45
710,Stanfield,Fries,sfriesjp@blogtalkradio.com,Male,150.226.6.127
711,Candie,Dilger,cdilgerjq@hibu.com,Female,37.209.47.253
712,Kelley,Adamoli,kadamolijr@youtube.com,Agender,150.56.219.137
713,Mariana,Isaak,misaakjs@geocities.com,Female,188.180.168.232
714,Bernhard,Fright,bfrightjt@behance.net,Male,3.17.207.157
715,Cletis,Buttner,cbuttnerju@army.mil,Male,249.164.187.67
716,Freemon,Simonassi,fsimonassijv@ovh.net,Male,26.41.57.87
717,Richmound,Beston,rbestonjw@issuu.com,Male,115.9.200.40
718,Derrek,Renton,drentonjx@apple.com,Male,11.119.64.22
719,Etta,Bunston,ebunstonjy@issuu.com,Female,142.197.17.134
720,Othelia,Uzzell,ouzzelljz@dagondesign.com,Female,187.110.50.212
721,Andriette,Kupec,akupeck0@google.co.jp,Female,175.53.36.138
722,Worthy,Simcock,wsimcockk1@parallels.com,Male,242.116.191.115
723,Wilden,Brambill,wbrambillk2@dmoz.org,Male,153.35.239.128
724,Marga,Demoge,mdemogek3@archive.org,Female,175.223.75.87
725,Ellene,Dilston,edilstonk4@vk.com,Female,30.60.16.149
726,Estelle,Gillett,egillettk5@latimes.com,Female,140.28.245.52
727,Payton,Bracco,pbraccok6@amazon.co.uk,Male,78.77.124.230
728,Toddie,Merrington,tmerringtonk7@sciencedirect.com,Male,78.39.89.245
729,Alejoa,Lecointe,alecointek8@huffingtonpost.com,Male,25.21.211.106
730,Mayer,Blethin,mblethink9@nyu.edu,Male,167.210.88.221
731,Jamison,Birkmyr,jbirkmyrka@businesswire.com,Male,125.13.86.227
732,Alicia,Nettle,anettlekb@ed.gov,Female,197.167.80.177
733,Evangelina,Casolla,ecasollakc@aol.com,Female,18.232.99.110
734,Aurilia,McMenamin,amcmenaminkd@over-blog.com,Female,56.196.107.202
735,Riva,Randalston,rrandalstonke@digg.com,Female,227.169.168.104
736,Marin,Broose,mbroosekf@cisco.com,Female,13.217.226.150
737,Earlie,Carmen,ecarmenkg@opera.com,Male,119.60.104.43
738,Garrick,Bullene,gbullenekh@yahoo.co.jp,Male,23.133.10.224
739,Kristian,Westley,kwestleyki@e-recht24.de,Male,179.220.134.129
740,Baryram,Jelf,bjelfkj@house.gov,Male,111.84.110.119
741,Diann,Petruszka,dpetruszkakk@ning.com,Female,201.95.72.17
742,Ilse,O' Loughran,ioloughrankl@twitter.com,Female,105.188.242.64
743,Tarra,Powelee,tpoweleekm@marriott.com,Female,102.97.51.31
744,Abel,Simko,asimkokn@drupal.org,Male,108.60.17.104
745,Isaak,Knapp,iknappko@guardian.co.uk,Male,57.129.116.21
746,Hinze,Hyland,hhylandkp@cbc.ca,Male,65.198.216.23
747,Granville,Nuttey,gnutteykq@epa.gov,Male,192.47.221.45
748,Isabelita,Koschek,ikoschekkr@weebly.com,Female,107.136.12.67
749,Alikee,Rogan,aroganks@homestead.com,Female,141.200.170.4
750,Lydia,Croll,lcrollkt@wp.com,Genderfluid,253.165.244.98
751,Loren,Clapham,lclaphamku@chron.com,Male,67.222.92.11
752,Alonso,Fishleigh,afishleighkv@illinois.edu,Male,61.167.62.122
753,Feliks,Awty,fawtykw@phoca.cz,Male,255.159.121.252
754,Tannie,Jesper,tjesperkx@google.com.br,Male,180.160.161.214
755,Joshia,Foley,jfoleyky@123-reg.co.uk,Male,214.36.209.195
756,Blondelle,Wear,bwearkz@opensource.org,Female,39.67.185.234
757,Gerda,Leggis,gleggisl0@kickstarter.com,Female,245.28.148.206
758,Penni,Ferrillo,pferrillol1@dailymail.co.uk,Female,173.91.111.236
759,Tiffy,Moller,tmollerl2@cyberchimps.com,Female,144.232.145.100
760,Karlotte,Garrard,kgarrardl3@addtoany.com,Female,89.125.97.157
761,Dalenna,Topley,dtopleyl4@aol.com,Female,22.68.109.140
762,Ashely,Lease,aleasel5@rakuten.co.jp,Female,216.30.215.178
763,Des,Quiddington,dquiddingtonl6@weather.com,Male,7.82.221.156
764,Laughton,Sheddan,lsheddanl7@ca.gov,Male,45.177.113.18
765,Gustavus,Baldam,gbaldaml8@dot.gov,Male,49.222.180.59
766,Georgetta,de Chastelain,gdechastelainl9@google.it,Female,67.196.143.223
767,Catarina,Mowatt,cmowattla@opera.com,Female,164.202.114.176
768,Edouard,Doodson,edoodsonlb@webnode.com,Male,186.222.24.213
769,Lisabeth,Beadel,lbeadellc@free.fr,Female,82.196.66.132
770,Jaquenetta,Gatteridge,jgatteridgeld@tripadvisor.com,Female,255.151.171.251
771,Ruthie,Tocher,rtocherle@deliciousdays.com,Female,77.28.64.76
772,Denis,Hawyes,dhawyeslf@jigsy.com,Male,61.116.69.15
773,Sim,Gosnay,sgosnaylg@huffingtonpost.com,Male,253.27.178.80
774,Roxane,Rhymer,rrhymerlh@jiathis.com,Female,22.133.235.157
775,Dido,Slora,dslorali@imgur.com,Female,103.186.235.100
776,Siana,Betz,sbetzlj@blogspot.com,Female,163.155.41.138
777,Bambie,Beirne,bbeirnelk@mtv.com,Female,139.91.153.95
778,Wilfrid,Marval,wmarvalll@paginegialle.it,Male,133.205.27.26
779,Freddy,Barnewille,fbarnewillelm@seattletimes.com,Female,27.153.110.126
780,Alyson,Paddeley,apaddeleyln@smh.com.au,Female,66.72.182.10
781,Idette,MacHarg,imacharglo@cocolog-nifty.com,Female,85.209.153.66
782,Humfried,Bernardelli,hbernardellilp@posterous.com,Male,29.226.70.160
783,Nathan,Probin,nprobinlq@newsvine.com,Male,92.151.98.170
784,Verna,Radband,vradbandlr@google.nl,Female,59.120.69.90
785,Eduard,Lamberto,elambertols@posterous.com,Male,23.94.193.214
786,Rowen,Begwell,rbegwelllt@feedburner.com,Male,214.157.125.140
787,Deane,Terese,dtereselu@alibaba.com,Female,64.189.143.232
788,Karoline,Molohan,kmolohanlv@webnode.com,Female,162.163.130.95
789,Gae,Mohamed,gmohamedlw@parallels.com,Polygender,116.33.5.250
790,Malissia,Horry,mhorrylx@blogtalkradio.com,Female,114.223.123.125
791,Caldwell,Cadigan,ccadiganly@columbia.edu,Bigender,17.243.32.20
792,Udale,Shallow,ushallowlz@eventbrite.com,Male,222.107.91.224
793,Farlee,Cabena,fcabenam0@cnbc.com,Male,70.105.113.203
794,Anatole,Tocher,atocherm1@ebay.com,Male,157.248.232.37
795,Bobbette,Cogle,bcoglem2@va.gov,Female,100.115.181.62
796,Kelby,Stacy,kstacym3@rambler.ru,Male,112.82.88.139
797,Felicle,Britner,fbritnerm4@indiatimes.com,Female,220.254.149.145
798,Hetti,Ferraraccio,hferraracciom5@w3.org,Female,93.142.49.100
799,Leupold,Pavyer,lpavyerm6@umn.edu,Male,231.230.35.132
800,Lesli,Johanchon,ljohanchonm7@icio.us,Female,254.177.74.227
801,Bev,Rickersey,brickerseym8@sciencedirect.com,Male,183.185.117.196
802,Lynne,Orton,lortonm9@comcast.net,Female,31.174.115.210
803,Dukey,Ambrogini,dambroginima@e-recht24.de,Male,45.232.218.149
804,Corey,Toolan,ctoolanmb@exblog.jp,Female,138.207.139.83
805,Sallyanne,Lessmare,slessmaremc@ca.gov,Female,163.109.108.184
806,Margalo,Everitt,meverittmd@fc2.com,Female,214.68.182.0
807,Franklin,Gilardone,fgilardoneme@webeden.co.uk,Male,6.64.185.221
808,Rowan,McDonogh,rmcdonoghmf@canalblog.com,Male,160.174.121.44
809,Bert,McKibbin,bmckibbinmg@topsy.com,Male,0.176.200.54
810,Brandi,Feronet,bferonetmh@nsw.gov.au,Polygender,255.38.116.47
811,Lacey,Queen,lqueenmi@icq.com,Female,61.183.194.31
812,Lawrence,Taffurelli,ltaffurellimj@narod.ru,Male,197.96.204.250
813,Dawn,Rubinowitsch,drubinowitschmk@yelp.com,Female,143.240.140.179
814,Freddie,Dwelley,fdwelleyml@tumblr.com,Female,9.61.229.237
815,Hynda,Loddy,hloddymm@sohu.com,Female,68.159.133.78
816,Jada,Armin,jarminmn@springer.com,Female,224.145.194.218
817,Dore,Double,ddoublemo@forbes.com,Female,36.233.178.0
818,Aleda,Spada,aspadamp@w3.org,Female,75.70.115.105
819,Jasen,Diwell,jdiwellmq@altervista.org,Male,238.227.65.234
820,Michaella,Doumenc,mdoumencmr@uol.com.br,Female,154.75.254.161
821,Arleta,Janik,ajanikms@skype.com,Female,82.2.227.133
822,Stephanus,Lawland,slawlandmt@tmall.com,Male,64.121.72.41
823,Del,Coxen,dcoxenmu@china.com.cn,Male,126.239.19.120
824,Barnabas,Rayburn,brayburnmv@gov.uk,Male,166.120.101.221
825,Bertrand,Minter,bmintermw@slate.com,Male,1.20.127.127
826,Hilde,Mitchall,hmitchallmx@dailymail.co.uk,Female,154.164.218.138
827,Nananne,Mynett,nmynettmy@apple.com,Female,197.51.252.163
828,Garnet,Cruse,gcrusemz@miitbeian.gov.cn,Female,106.27.93.140
829,Susan,Rees,sreesn0@unc.edu,Polygender,130.90.132.107
830,Dasya,Carette,dcaretten1@sogou.com,Female,64.183.127.93
831,Raleigh,Roggers,rroggersn2@state.tx.us,Male,227.43.143.235
832,Eugenio,McDermott-Row,emcdermottrown3@aol.com,Male,4.205.215.79
833,Jaquelyn,Bonafant,jbonafantn4@opensource.org,Female,79.31.86.68
834,Celina,Mallabon,cmallabonn5@virginia.edu,Female,145.183.96.12
835,Adrianne,Menure,amenuren6@rakuten.co.jp,Female,91.65.29.225
836,Ellis,Gibbens,egibbensn7@narod.ru,Male,193.25.87.157
837,Giusto,Labon,glabonn8@amazon.de,Male,182.210.132.196
838,Lara,Pinkard,lpinkardn9@instagram.com,Female,70.47.255.5
839,Ottilie,Grange,ograngena@opensource.org,Female,215.69.104.6
840,Carlin,Dowglass,cdowglassnb@dailymotion.com,Male,155.247.69.54
841,Hayyim,Quiddinton,hquiddintonnc@altervista.org,Male,201.84.123.142
842,Brendin,Tedstone,btedstonend@nasa.gov,Male,180.240.91.168
843,Benoite,Ferraretto,bferrarettone@woothemes.com,Female,12.135.123.143
844,Doll,Pipe,dpipenf@google.co.uk,Female,255.203.32.171
845,Anabelle,Grievson,agrievsonng@icq.com,Female,80.119.75.206
846,Alix,MacNulty,amacnultynh@nps.gov,Male,67.59.131.17
847,Madison,Snaith,msnaithni@mit.edu,Male,76.194.210.114
848,Bruce,Grieswood,bgrieswoodnj@admin.ch,Male,160.211.59.180
849,Saraann,Dreamer,sdreamernk@usgs.gov,Female,32.38.203.48
850,Clarice,Dennison,cdennisonnl@seesaa.net,Female,97.121.62.23
851,Loren,Creber,lcrebernm@etsy.com,Female,224.83.149.209
852,Willdon,Doubrava,wdoubravann@dyndns.org,Male,116.113.241.131
853,Lancelot,Droogan,ldrooganno@icq.com,Male,217.171.239.78
854,Catlin,Spohr,cspohrnp@wikispaces.com,Female,158.154.241.252
855,Linell,Hadenton,lhadentonnq@naver.com,Female,127.175.95.41
856,Alvy,Averill,aaverillnr@technorati.com,Male,186.46.131.159
857,Sigvard,Prandi,sprandins@prweb.com,Male,137.192.36.245
858,Alejandro,Baldassi,abaldassint@ft.com,Male,215.25.90.156
859,Mirelle,Emmert,memmertnu@vimeo.com,Female,25.76.24.238
860,Maura,Vergine,mverginenv@toplist.cz,Female,127.12.246.138
861,Nannie,Ambresin,nambresinnw@vistaprint.com,Female,39.98.181.53
862,Trixi,Grayland,tgraylandnx@bbc.co.uk,Female,246.156.85.104
863,Tresa,Shillinglaw,tshillinglawny@joomla.org,Agender,215.100.6.192
864,Benn,Harriday,bharridaynz@usatoday.com,Male,87.137.137.126
865,Levon,Kybbye,lkybbyeo0@ask.com,Male,88.10.42.83
866,Pamelina,Titchen,ptitcheno1@nasa.gov,Female,208.110.18.126
867,Andonis,Andraud,aandraudo2@omniture.com,Male,236.115.160.20
868,Delcine,Pikett,dpiketto3@nih.gov,Female,195.9.221.86
869,Dorothy,Coldridge,dcoldridgeo4@forbes.com,Female,220.169.7.214
870,Karel,Hayen,khayeno5@msu.edu,Polygender,99.243.10.125
871,Fayette,Scriver,fscrivero6@pinterest.com,Female,89.158.221.202
872,Elisabeth,Rentilll,erentilllo7@yahoo.co.jp,Female,165.77.35.40
873,Chrissy,Eastmead,ceastmeado8@wikispaces.com,Male,129.34.131.135
874,Xymenes,Capron,xcaprono9@hc360.com,Male,32.34.240.59
875,Ezekiel,Edgington,eedgingtonoa@google.pl,Male,249.92.121.255
876,Doralynn,Wilcocke,dwilcockeob@1688.com,Female,182.215.200.129
877,Tate,Bushell,tbushelloc@tripadvisor.com,Male,11.205.48.184
878,Demott,Nevett,dnevettod@ca.gov,Male,118.110.157.208
879,Corbet,McAdam,cmcadamoe@csmonitor.com,Male,115.94.100.24
880,Farrah,Condliffe,fcondliffeof@sphinn.com,Female,6.171.36.209
881,Caroljean,Rowes,crowesog@cpanel.net,Polygender,213.5.130.203
882,Cassondra,Jezard,cjezardoh@netlog.com,Female,129.110.227.195
883,Birgitta,Burnhill,bburnhilloi@dion.ne.jp,Female,41.90.19.3
884,Kriste,Tynnan,ktynnanoj@dot.gov,Female,189.26.154.127
885,Harbert,Leap,hleapok@indiegogo.com,Male,232.46.208.19
886,Bobbi,Coolahan,bcoolahanol@globo.com,Female,139.138.223.52
887,Reeba,Cordero,rcorderoom@taobao.com,Female,213.80.172.5
888,Bettina,Giraudoux,bgiraudouxon@blogger.com,Female,253.156.204.166
889,Zerk,O'Hanlon,zohanlonoo@wordpress.org,Male,67.145.31.78
890,Filia,Lamplough,flamploughop@feedburner.com,Female,85.152.18.192
891,Garrott,Mulbery,gmulberyoq@ameblo.jp,Male,22.106.180.77
892,Stevena,Prater,sprateror@google.com,Female,215.194.78.203
893,Gerek,Cuchey,gcucheyos@spiegel.de,Male,20.232.20.28
894,Bobbee,O'Sheeryne,bosheeryneot@springer.com,Female,132.12.15.136
895,Roseline,Ithell,rithellou@joomla.org,Female,213.42.61.39
896,Theo,Dragonette,tdragonetteov@patch.com,Female,245.169.73.95
897,Nydia,Ellph,nellphow@reverbnation.com,Female,93.209.96.30
898,Whitby,Fricke,wfrickeox@ucla.edu,Male,12.193.85.192
899,Jason,Alans,jalansoy@facebook.com,Male,181.215.167.28
900,Ellerey,Laity,elaityoz@blogger.com,Male,86.240.254.4
901,Taddeo,Colbertson,tcolbertsonp0@unc.edu,Male,216.173.173.237
902,Arnaldo,Sherrington,asherringtonp1@squidoo.com,Male,235.113.23.225
903,Katerine,Pothbury,kpothburyp2@joomla.org,Female,177.209.73.252
904,Engelbert,Skellern,eskellernp3@printfriendly.com,Male,140.137.192.122
905,Hersh,Chappelle,hchappellep4@guardian.co.uk,Male,186.35.226.115
906,Juliette,Algar,jalgarp5@jalbum.net,Female,122.15.154.47
907,Nichols,Lackney,nlackneyp6@google.ru,Male,193.119.251.183
908,Laina,Mitchard,lmitchardp7@noaa.gov,Female,169.211.140.74
909,Wallie,Duigan,wduiganp8@instagram.com,Female,113.58.68.233
910,Marillin,Covell,mcovellp9@moonfruit.com,Female,224.47.116.232
911,Thorsten,Jansey,tjanseypa@kickstarter.com,Male,223.53.177.120
912,Ellette,Found,efoundpb@mapquest.com,Female,153.4.166.176
913,Muffin,Ovill,movillpc@squidoo.com,Female,33.191.251.182
914,Lawton,Taffee,ltaffeepd@merriam-webster.com,Male,3.232.33.140
915,Amelita,Verrico,averricope@digg.com,Non-binary,128.180.175.27
916,Ginny,Beaconsall,gbeaconsallpf@noaa.gov,Female,182.194.197.142
917,Mariel,Phinnis,mphinnispg@flavors.me,Female,187.135.42.179
918,Audrie,Duddell,aduddellph@indiatimes.com,Female,208.164.93.65
919,Frankie,Groomebridge,fgroomebridgepi@nifty.com,Male,110.65.79.175
920,Augustin,Moden,amodenpj@so-net.ne.jp,Male,182.238.227.214
921,Ambrosio,Ludewig,aludewigpk@opera.com,Male,164.33.111.90
922,Elyssa,Yurin,eyurinpl@cornell.edu,Female,157.255.129.58
923,Herschel,MacLese,hmaclesepm@nasa.gov,Male,120.99.184.27
924,Bentlee,Petronis,bpetronispn@umn.edu,Male,217.173.139.11
925,Tobe,Clarkin,tclarkinpo@ihg.com,Male,10.0.151.240
926,Clementia,Pavolini,cpavolinipp@bizjournals.com,Female,11.119.73.106
927,Venus,Ebbetts,vebbettspq@google.com.hk,Female,253.254.99.237
928,Dacie,Jacklin,djacklinpr@gmpg.org,Female,73.41.223.109
929,Godfrey,Flori,gflorips@senate.gov,Male,75.84.191.156
930,Quintin,Monck,qmonckpt@umn.edu,Male,132.133.121.132
931,Zea,Colleran,zcolleranpu@slashdot.org,Female,38.64.57.214
932,Jere,Freeburn,jfreeburnpv@livejournal.com,Male,75.57.202.76
933,Calv,Ryding,crydingpw@newyorker.com,Male,81.97.68.147
934,Jackqueline,Glayzer,jglayzerpx@cloudflare.com,Female,189.98.232.194
935,Elinor,Whittles,ewhittlespy@umich.edu,Female,196.44.123.161
936,Dulsea,Millership,dmillershippz@cam.ac.uk,Female,216.70.218.214
937,Henka,Poncet,hponcetq0@netvibes.com,Female,192.67.16.25
938,Andros,Nutley,anutleyq1@seattletimes.com,Male,74.89.14.53
939,Jerry,Schultze,jschultzeq2@google.co.uk,Male,60.202.57.96
940,Sarena,Bolesma,sbolesmaq3@cyberchimps.com,Female,197.69.33.165
941,Channa,Beldom,cbeldomq4@reuters.com,Female,223.113.160.252
942,Sanderson,Kiera,skieraq5@gov.uk,Male,226.69.71.41
943,Enoch,Fryatt,efryattq6@friendfeed.com,Male,119.249.11.3
944,Scott,Krelle,skrelleq7@tiny.cc,Male,134.25.150.115
945,Janessa,Bursnell,jbursnellq8@senate.gov,Female,33.78.41.28
946,Tucky,Reolfi,treolfiq9@fastcompany.com,Male,181.254.136.86
947,Rivy,Thayre,rthayreqa@privacy.gov.au,Female,248.1.50.19
948,Joel,Caughtry,jcaughtryqb@vistaprint.com,Male,247.59.121.62
949,Sinclair,Das,sdasqc@w3.org,Male,127.87.62.235
950,Feliza,Biggans,fbiggansqd@yolasite.com,Female,19.52.211.53
951,Lionello,Sill,lsillqe@oakley.com,Male,210.229.231.188
952,Harrietta,Bovingdon,hbovingdonqf@nytimes.com,Female,56.35.111.121
953,Dominik,Healey,dhealeyqg@amazon.co.jp,Male,47.73.93.231
954,Darryl,Lurner,dlurnerqh@mozilla.org,Male,153.167.232.45
955,Noelyn,Boadby,nboadbyqi@linkedin.com,Female,83.104.193.142
956,Charis,Buffery,cbufferyqj@samsung.com,Female,46.86.66.83
957,Georg,Pesselt,gpesseltqk@prweb.com,Male,215.8.210.177
958,Rikki,Tremlett,rtremlettql@wsj.com,Male,227.232.84.18
959,Leland,Hargroves,lhargrovesqm@bizjournals.com,Male,145.117.51.89
960,Gran,Girault,ggiraultqn@chronoengine.com,Male,205.213.18.61
961,Halsey,Culshaw,hculshawqo@hostgator.com,Male,170.227.18.19
962,Guido,Curnow,gcurnowqp@xrea.com,Male,98.120.178.15
963,Georgianne,Fitzsimon,gfitzsimonqq@cloudflare.com,Female,22.171.210.217
964,Ravi,Casari,rcasariqr@webnode.com,Male,153.37.10.152
965,Marcelle,Boylan,mboylanqs@ucla.edu,Female,77.120.216.207
966,Krissy,Coad,kcoadqt@nifty.com,Female,69.253.85.87
967,Elana,Bilbee,ebilbeequ@infoseek.co.jp,Female,84.145.228.87
968,Gav,Steers,gsteersqv@geocities.jp,Male,30.157.252.44
969,Mortie,Malzard,mmalzardqw@who.int,Male,177.64.9.250
970,Vanessa,McDougle,vmcdougleqx@msn.com,Female,191.128.12.24
971,Ilse,Dewdeny,idewdenyqy@bandcamp.com,Female,107.252.136.232
972,Patrick,Olivelli,polivelliqz@arstechnica.com,Genderfluid,210.173.127.144
973,Donalt,Aujean,daujeanr0@washington.edu,Male,50.120.118.31
974,Rodolphe,Habin,rhabinr1@va.gov,Male,97.93.197.238
975,Rhonda,Sings,rsingsr2@arizona.edu,Female,207.246.246.207
976,Odessa,Ghirigori,oghirigorir3@newyorker.com,Female,10.108.105.182
977,Drew,Clougher,dclougherr4@tripod.com,Male,99.201.105.212
978,Abe,Lissandre,alissandrer5@paypal.com,Polygender,59.10.9.130
979,Jacqui,Bartholin,jbartholinr6@omniture.com,Female,193.191.60.89
980,Sondra,Battisson,sbattissonr7@bloglovin.com,Female,27.35.82.28
981,Nan,Hallwell,nhallwellr8@infoseek.co.jp,Female,52.218.215.93
982,Ruprecht,Sprakes,rsprakesr9@exblog.jp,Male,49.215.125.131
983,Sunshine,Siviter,ssiviterra@163.com,Female,96.142.41.215
984,Nathanael,MacFadzean,nmacfadzeanrb@answers.com,Male,138.194.243.250
985,Karylin,Vesty,kvestyrc@soup.io,Female,254.100.186.170
986,Tamma,Thompson,tthompsonrd@marriott.com,Female,219.208.35.191
987,Salomo,Batrim,sbatrimre@yale.edu,Male,80.39.214.247
988,Rafaelia,Cabble,rcabblerf@stanford.edu,Female,178.76.94.7
989,Bernetta,Grishkov,bgrishkovrg@huffingtonpost.com,Female,236.221.43.125
990,Galvin,Abramsky,gabramskyrh@constantcontact.com,Male,107.9.71.36
991,Willy,Vosse,wvosseri@dagondesign.com,Male,246.237.203.223
992,Tracie,Challen,tchallenrj@booking.com,Male,14.109.165.207
993,Marga,Grimmert,mgrimmertrk@loc.gov,Female,79.169.108.6
994,Jeni,Walby,jwalbyrl@bluehost.com,Polygender,235.136.183.3
995,Leanor,Lively,llivelyrm@paypal.com,Female,5.245.85.90
996,Gaspard,Mapson,gmapsonrn@cbslocal.com,Male,10.64.179.12
997,Davidson,Clarycott,dclarycottro@geocities.com,Male,124.100.232.212
998,Ammamaria,Bonner,abonnerrp@engadget.com,Female,170.16.21.180
999,Jamie,Capnerhurst,jcapnerhurstrq@trellian.com,Female,133.228.121.66
1000,Gerta,Isakson,gisaksonrr@time.com,Female,104.228.198.25
